label,count,fraction
bma,18092,0.3092121004956418
bmb,4622,0.07899504358229363
bmd,13141,0.22459408648094342
bmz,1596,0.027277388480601607
bp20,10380,0.1774055716971458
bp20plus,5003,0.085506750982738
bpd,5676,0.09700905828063579
